"Timestamp","¿Cuál es el cargo que desempeña en el área de logística de China Cargo S.A.? "," ¿Conoce a detalle sus funciones en el área de logística?","¿Alguna vez ha realizado actividades que crea no corresponden a su cargo?","¿Cómo describirías la comunicación y trabajo en equipo dentro del área?
","¿Cuáles son las principales capacidades, habilidades o recursos que piensas que distinguen al equipo logístico de China Cargo frente otras empresas?
","¿Con qué tipo de transporte trabajas con frecuencia?","En su experiencia ¿Qué etapas de las coordinaciones se realizan con menos errores?
","¿En que parte de las coordinaciones suelen presentarse más retrasos?
","¿Qué factores internos crees que más afectan en la eficiencia del proceso logístico? ","¿Qué factores externos podría afectar negativamente el cumplimiento del proceso?
","¿Qué propondrías para reducir errores en las coordinaciones?
","¿Qué herramientas tecnológicas crees que podrían implementarse para optimizar el proceso logístico y mejorar tu trabajo? 
","¿Qué estrategias podrían fortalecer la relación con los clientes o mejorar su satisfacción? ","¿Qué oportunidades de capacitación o formación beneficiarían al área logística? "
"2025/10/11 9:34:13 AM CST","Supervisor de Operaciones","SI","SI","Eficiente. Considero que hay aspectos que pueden mejorarse, como el envío de instrucciones claras por parte de pricing y ventas, lo cual suele ocasionar complicaciones a lo largo de la coordinación. Así mismo, considero importante mejorar la comunicación entre el área operativa y el área contable, ya que la mayoría de los problemas que enfrenta operaciones para con navieras, clientes y agencia aduanera, surge por el retraso en la aplicación de pagos por parte del sector contable.","+ Nuestro equipo está altamente capacitado para solucionar cualquier inconveniente, ya que cuenta con más de 20 años de experiencia.

+ Se brinda atención personalizada para cada embarque, con el fin de brindarle al cliente seguridad en el manejo de su carga y confianza de que su mercaría será entregada en tiempo y forma y en las mejores condiciones.","Marítimo","En este punto detallaré de forma decreciente las etapas de las coordinaciones, desde la etapa que no sufre tantos errores, hasta la que sufre error (leves) con mayor frecuencia:
+ Etapa de tránsito internacional 
+ Revisión de documentos en origen: Suelen haber errores leves, los cuales deben revisarse un par de veces antes de dar el visto bueno para la emisión de BLs finales.
+ Retorno de contenedores (destino): Predio suele rechazar los contenedores debido a suciedad o daños (no es muy común)","+ Llegada de los contenedores: Suele haber variación en el tiempo de llegada establecida por origen, por lo general suele variar entres una a dos semanas.
+ Despacho en puerto: Suelen presentarse complicaciones en la liberación de los MBL de los contenedores, esto ocasionado por la aplicación tardía de los pagos a las navieras.","El ingreso tardío de las facturas al sistema, lo que genera que la aplicación de pago se retrase; resultando en cobros de los agentes. Cobros de la naviera, suspensión de operaciones y otras complicaciones.

Envío tardío de documentación por parte del operativo, lo cual genera que el cobro al cliente se emita siempre con retraso.

Ingreso erróneo de monto a facturar o doble digitación de facturación, lo cual genera que se tengan que anular facturas y cargarlas nuevamente.","Más que afectar el cumplimiento, entiendo que esta pregunta se refiere al impacto externo en el retraso de las coordinaciones. En dicho caso, Tomaremos los fenómenos naturales como un factor externo, para ponerlos en contexto, hace poco en china hubo un tifón, el cual retrasó por una semana la salida de los vapores. A la semana siguiente se celebró el año nuevo Chino, por lo cual fueron dos semanas en donde máximo salió de origen 2  barcos (máximo). Estas dos semanas varios clientes cancelaron sus coordinaciones. (Sabrán que esto generó que no veamos esos ingresos a futuro).
","+ Mayor concentración por parte del operativo.
+Proponer aplicación de libretas en donde el operativo apunte sus deberes diarios, los cuales al final del día debería cumplir.
+Tener algún tipo de recordatorio, ya sea que esté conectado al correo, en donde se le recuerde cada hora sus deberes pendientes, con el fin que este no lo olvide.
+ Prestar atención a los detalles, sería bueno que en el manual organizaran por área (servicio al cliente) y (operaciones en destino) y hagan un listado de las cosas pequeñas que deben tener en cuenta los operativos al momento de revisar documentos. Entre ellas deberían estar:
- Asegurarse que el agente en origen envié el archivo de confirmación de booking.
- Crear una carpeta digital y otra fisica desde que se asigna la corrdinación, para llevar orden de los documentos que se van enviando y poder validar más adelante.
- Pedir cortes documentales al agente para tenerlos en cuenta al envío de los BL borrador.
- En los BL revisar: NOMBRE DEL CONSIGNATARIO, RAZON SOCIAL CORRECTA DE CCS, 

","DEBO PENSAR EN ELLO","Darle mejor seguimiento a las coordinaciones una vez estas se encuentran en destino.","+ Reuniones semanales en donde se valores las actividades realizadas duarante la semana, mencionar las complicaciones de la semana y los avances de las nuevas cooridnaciones."